"id;""name"";""cond"";""vat""",,,,,
"9030752;""Mega Drive - Golden Axe + Streets of Rage + Revenge of Shinobi (Nur Modul) (gebraucht)"";""1"";""2""",,,,,
"9071497;""Wii - I'm A Celebrity... Get Me Out of Here! (mit OVP) (gebraucht)"";""1"";""2""",,,,,
"9069978;""SNES - Pink Goes to Hollywood (mit OVP) (gebraucht)"";""1"";""2""",,,,,
"3691503;""Wii - EA Sports Active: Mehr Workouts (NEU & OVP) #"";""0"";""0""",,,,,
"5805307;""Playstation 2 - 64 MB Memory Card Speicherkarte (NEU & OVP)"";""0"";""0""",,,,,
"9005642;""GameBoy Color - Mulan (Modul) (gebraucht)"";""1"";""2""",,,,,
"9039002;""GameBoy Advance/DS - Kong (Modul) (gebraucht)"";""1"";""2""",,,,,
"5805663;""Jason Johnson's Pro Tips Unlimited SEGA"";""0"";""0""",,,,,
"9038701;""GameBoy Advance/DS - Backyard Basketball (Modul) (gebraucht)"";""1"";""2""",,,,,
"9071441;""Wii - GTI Club Supermini Festa! (mit OVP) (gebraucht)"";""1"";""2""",,,,,
"9002558;""N64 - Turok - Rage Wars (Modul) (US-Import) (gebraucht)"";""1"";""2""",,,,,
"5002115;""Xbox - Futurama [auch fÃ¼r Xbox 360] (mit OVP) (gebraucht)"";""1"";""2""",,,,,
"5833193;""Playstation 1 - Psychic Detective (mit OVP) (gebraucht)"";""1"";""2""",,,,,
"9072238;""SNES - Thunder Spirits (Modul) (US-Import) (gebraucht)"";""1"";""2""",,,,,
"3992803;""PC - Spiele-Hits Doppel-Pack fÃ¼r Windows: Sudoku & Mahjongg (NEU & OVP) #"";""0"";""0""",,,,,
"9072270;;""1"";""2""",,,,,
"9072100;""Wii - U-SING: U've got talent! (mit OVP) (gebraucht)"";""1"";""2""",,,,,
"9070944;""Playstation 2 - This is Football 2004 (NEU & OVP)"";""0"";""0""",,,,,
"9002587;""Playstation 2 - 128 MB Memory Card (NEU & OVP)"";""0"";""0""",,,,,
"5829160;""Playstation 2 - Eaxus Singstar 5in1 Adapter (NEU & OVP)"";""0"";""0""",,,,,
"9073910;""SNES - Nintendo RGB Scart Kabel groÃŸer Stecker [verschiedene Hersteller] (gebraucht)  "";""1"";""2""",,,,,
"9053860;""GameBoy Advance/DS - 3 in 1 - SpongeBob Supersponge / Rugrats - I got Party / Tak: Power of Juju (Modul) (gebraucht)"";""0"";""0""",,,,,
"9000052;""Playstation 2 - Wireless Controller (schwarz) (NEU & OVP)"";""0"";""0""",,,,,
"5000342;""Dreamcast - Sega Extreme Sports (NEU & OVP)"";""0"";""0""",,,,,
"9043445;""Playstation 2 - Controller Wireless RF Analog 2.4GHz farblich sortiert (NEU & OVP)"";""0"";""0""",,,,,
"9031636;""PS3 - Royds Arcade Stick EX (gebraucht)"";""1"";""2""",,,,,
"9055297;""PS3 - Killzone 2 (Steelbook Edition) USK18"";""0"";""0""",,,,,
"9001620;""Playstation 2 - Solid Black Controller (schwarz) (NEU & OVP)"";""0"";""0""",,,,,
"5000380;""Nintendo DS - KFZ Power Adapter 12V fÃ¼r NDS / NDS Lite & Gameboy SP (NEU & OVP)"";""0"";""0""",,,,,
"9008181;""GameBoy Advance/DS - Final Fantasy V Advance (Modul) (gebraucht)"";""1"";""2""",,,,,
"5815640;""Xbox 360 - Ladekabel fÃ¼r Wireless Controller (NEU & BULK)"";""0"";""0""",,,,,
"5000375;""N64 - VerlÃ¤ngerung Joypad 2m (NEU & OVP)"";""0"";""0""",,,,,
"9050962;""GameBoy - Original KopfhÃ¶rer (NEU & BULK)"";""0"";""0""",,,,,
"9071236;""Wii - Der Goldene Kompass (mit OVP) (gebraucht)"";""1"";""2""",,,,,
"9006684;""GameBoy Advance/DS - Mr. Driller (Modul) (gebraucht)"";""1"";""2""",,,,,
"9071372;""Wii - Final Fantasy Crystal Chronicles: The Crystal Bearers (mit OVP) (gebraucht)"";""1"";""2""",,,,,
"9038385;""GameBoy Advance/DS - Uno 52 (Modul) (gebraucht)"";""1"";""2""",,,,,
"9007460;""GameBoy Advance/DS - Wings (Modul) (gebraucht)"";""1"";""2""",,,,,
"9039214;""GameBoy Advance/DS - Shaman King -Legacy of Spirits Soaring Hawk (Modul) (gebraucht)"";""1"";""2""",,,,,
"9031786;""Dreamcast - Ãœberraschungspiel fÃ¼r DC Bundle BUNDLEARTIKEL"";""0"";""0""",,,,,
"9072263;""N64 - Quest 64 (cartridge only) (US-Import) (used)"";""1"";""2""",,,,,
"9073712;""Saturn - 6 Player Adapter / 6 Spieler Adapter (gebraucht)"";""1"";""2""",,,,,
"9071570;""Wii - Legend of the Dragon (mit OVP) (gebraucht)"";""1"";""2""",,,,,
"9001655;""Playstation 2 - Singibigi Arcade Stick (NEU & OVP)"";""0"";""0""",,,,,
"9007583;""GameBoy Advance/DS - Pitfall - Die verlorene Expedition (Modul) (gebraucht)"";""1"";""2""",,,,,
"9001661;""Xbox 360 - HDD Hard Disc 20 GB (gebraucht)"";""1"";""2""",,,,,
"5002057;""Xbox - Crash Bandicoot: Twinsanity (mit OVP) (gebraucht)"";""1"";""2""",,,,,
"9006665;""GameBoy Advance/DS - Golf E reader cards (gebraucht)"";""1"";""2""",,,,,
"9068453;""NES - Quickshot Joystick QS-128N (gebraucht)"";""1"";""2""",,,,,
"9007857;""GameBoy Advance/DS - Clue/Battleship/Risk (Modul) (gebraucht)"";""1"";""2""",,,,,
"4001051;""PC - Warhammer 40.000 Dawn Of War (gebraucht)"";""1"";""2""",,,,,
"9072001;""Wii - Superstars Tennis (mit OVP) (gebraucht)"";""1"";""2""",,,,,
"9071122;""Wii - Brothers in Arms: Road to Hill 30 (mit OVP) (gebraucht)"";""1"";""2""",,,,,
"5000613;""Xbox 360 - Monster GL: Component Video YUV XBOX 360 (NEU & OVP)"";""0"";""0""",,,,,
"9038655;""GameBoy Advance/DS - Backyard Baseball 2007 (Modul) (gebraucht)"";""1"";""2""",,,,,
"5002072;""Xbox - Die Sims 2 (mit OVP) (gebraucht)"";""1"";""2""",,,,,
"9071377;""Wii - FIT & FUN - YOUR VIRTUAL PERSONAL COACH (mit OVP) (gebraucht)"";""1"";""2""",,,,,
"9075149;""Playstation 2 - R-Type Final (NEU & OVP)"";""0"";""0""",,,,,
"9072086;""Wii - Trauma Center - New Blood (mit OVP) (gebraucht)"";""1"";""2""",,,,,
"9054679;""PC - Tetris Worlds (NEU & OVP)"";""0"";""0""",,,,,
"9072162;""Wii - Wo die wilden Kerle wohnen - Das Videogame (mit OVP) (gebraucht)"";""1"";""2""",,,,,
"9072097;""Wii - Twin Strike: Operation Thunderstorm (mit OVP) (gebraucht)"";""1"";""2""",,,,,
"5825892;""NES - Controller Nintendo Turbo Joystick (Neuware) (US-Import / nur mit US-Konsolen kompatibel)"";""0"";""0""",,,,,
"5815920;""Playstation 1 - Gauntlet Legends (NEU & OVP)"";""0"";""0""",,,,,
"4735887;""Xbox 360 - Monsters vs. Aliens (NEU & OVP) #"";""0"";""0""",,,,,
"5002098;""Xbox - ESPN NHL Hockey (mit OVP) (gebraucht)"";""1"";""2""",,,,,
"9006340;""GameBoy Color - Kanji Boy 2 - JAP (Modul) (gebraucht)"";""1"";""2""",,,,,
"5002234;""Xbox - Outlaw Volleyball [auch fÃ¼r Xbox 360] (mit OVP) (gebraucht)"";""1"";""2""",,,,,
